fips,county,state,lat,lon,population,reach_250mi,employment,annual_pay,electricity_cents_kwh,labor_status
24001,Allegany County,MD,39.612313,-78.703104,67097,50230931,,,12.964068,Suppressed by BLS
24003,Anne Arundel County,MD,38.991617,-76.560894,602350,57882482,809.0,67780.0,12.964068,Available
24005,Baltimore County,MD,39.443167,-76.616569,852425,58482835,,,12.964068,Suppressed by BLS
24009,Calvert County,MD,38.522719,-76.529762,94913,55220689,,,12.964068,Suppressed by BLS
24011,Caroline County,MD,38.871531,-75.831662,34248,55749277,,,12.964068,Suppressed by BLS
24013,Carroll County,MD,39.563328,-77.01533,177108,60114316,,,12.964068,Suppressed by BLS
24015,Cecil County,MD,39.562354,-75.941585,106305,59147760,,,12.964068,Suppressed by BLS
24017,Charles County,MD,38.472853,-77.015427,174478,56020503,,,12.964068,Suppressed by BLS
24019,Dorchester County,MD,38.429196,-76.047433,33138,55030578,,,12.964068,Suppressed by BLS
24021,Frederick County,MD,39.470177,-77.397636,299317,58816614,278.0,45423.0,12.964068,Available
24023,Garrett County,MD,39.547299,-79.274619,28393,45938521,,,12.964068,No matching published BLS row
24025,Harford County,MD,39.537429,-76.299789,265514,57697512,3341.0,47317.0,12.964068,Available
24027,Howard County,MD,39.252264,-76.924406,339668,56122706,1210.0,56514.0,12.964068,Available
24029,Kent County,MD,39.241279,-76.125987,19557,56608104,,,12.964068,Suppressed by BLS
24031,Montgomery County,MD,39.137381,-77.203063,1082273,58072999,677.0,50099.0,12.964068,Available
24033,Prince George's County,MD,38.829278,-76.848188,966629,56874063,2636.0,58188.0,12.964068,Available
24035,Queen Anne's County,MD,39.040693,-76.082405,53688,56211226,,,12.964068,Suppressed by BLS
24037,St. Mary's County,MD,38.223077,-76.534487,116469,54323322,,,12.964068,Suppressed by BLS
24039,Somerset County,MD,38.07445,-75.853323,25241,52075437,,,12.964068,No matching published BLS row
24041,Talbot County,MD,38.748349,-76.178476,38244,57263023,,,12.964068,Suppressed by BLS
24043,Washington County,MD,39.603621,-77.814671,157228,60445970,487.0,48478.0,12.964068,Available
24045,Wicomico County,MD,38.367368,-75.632084,106329,53966182,,,12.964068,Suppressed by BLS
24047,Worcester County,MD,38.222133,-75.309931,54337,53222546,,,12.964068,Suppressed by BLS
24510,Baltimore city,MD,39.300032,-76.610476,568271,57636621,,,12.964068,Suppressed by BLS
34001,Atlantic County,NJ,39.469355,-74.633759,279114,57619357,,,14.644882,Suppressed by BLS
34003,Bergen County,NJ,40.959698,-74.074727,978641,62511521,3683.0,44298.0,14.644882,Available
34005,Burlington County,NJ,39.875786,-74.663006,475515,61365853,11119.0,47874.0,14.644882,Available
34007,Camden County,NJ,39.802407,-74.961249,533988,59635595,1232.0,84895.0,14.644882,Available
34009,Cape May County,NJ,39.085841,-74.846354,93875,54827341,,,14.644882,No matching published BLS row
34011,Cumberland County,NJ,39.328434,-75.121628,155678,56154193,848.0,62989.0,14.644882,Available
34013,Essex County,NJ,40.7874,-74.246292,881527,62534150,1556.0,71872.0,14.644882,Available
34015,Gloucester County,NJ,39.722875,-75.145679,311783,59204719,9168.0,49063.0,14.644882,Available
34017,Hudson County,NJ,40.731375,-74.078601,736185,61513960,4615.0,60119.0,14.644882,Available
34019,Hunterdon County,NJ,40.565283,-74.911969,131708,62262919,,,14.644882,Suppressed by BLS
34021,Mercer County,NJ,40.282503,-74.703724,392138,61957742,,,14.644882,Suppressed by BLS
34023,Middlesex County,NJ,40.439621,-74.40743,890119,61994686,26469.0,56716.0,14.644882,Available
34025,Monmouth County,NJ,40.287048,-74.152446,647520,61514545,226.0,75965.0,14.644882,Available
34027,Morris County,NJ,40.858896,-74.547292,523053,62944241,840.0,84743.0,14.644882,Available
34029,Ocean County,NJ,39.865669,-74.258864,666434,62372287,48.0,61599.0,14.644882,Available
34031,Passaic County,NJ,41.036655,-74.299408,526597,63034581,1304.0,47653.0,14.644882,Available
34033,Salem County,NJ,39.573828,-75.357356,65874,57097231,2961.0,55377.0,14.644882,Available
34035,Somerset County,NJ,40.565527,-74.619938,357467,63069429,3282.0,47160.0,14.644882,Available
34037,Sussex County,NJ,41.137461,-74.691914,147444,64267664,,,14.644882,Suppressed by BLS
34039,Union County,NJ,40.659871,-74.308696,594160,62646777,2476.0,79554.0,14.644882,Available
34041,Warren County,NJ,40.853491,-75.009498,112031,64297179,,,14.644882,Suppressed by BLS
36001,Albany County,NY,42.58824,-73.97401,319964,54224528,568.0,61708.0,18.770605,Available
36003,Allegany County,NY,42.247853,-78.026153,47299,54341676,,,18.770605,No matching published BLS row
36005,Bronx County,NY,40.848711,-73.852939,1384724,61138713,664.0,47893.0,18.770605,Available
36007,Broome County,NY,42.161977,-75.830283,196397,63833999,627.0,45607.0,18.770605,Available
36009,Cattaraugus County,NY,42.239099,-78.662332,75475,41182000,,,18.770605,Suppressed by BLS
36011,Cayuga County,NY,43.008546,-76.574587,74567,50676288,42.0,49413.0,18.770605,Available
36013,Chautauqua County,NY,42.304216,-79.407595,124105,32540931,,,18.770605,Suppressed by BLS
36015,Chemung County,NY,42.148697,-76.752471,81115,60141428,,,18.770605,Suppressed by BLS
36017,Chenango County,NY,42.478024,-75.602241,45776,58831507,,,18.770605,Suppressed by BLS
36019,Clinton County,NY,44.752712,-73.705643,77871,22041902,288.0,57454.0,18.770605,Available
36021,Columbia County,NY,42.247696,-73.626718,60299,54121989,,,18.770605,Suppressed by BLS
36023,Cortland County,NY,42.594039,-76.07624,45945,56444865,,,18.770605,Suppressed by BLS
36025,Delaware County,NY,42.193986,-74.966728,44191,59343236,,,18.770605,Suppressed by BLS
36027,Dutchess County,NY,41.754825,-73.740014,299963,56512599,2366.0,69152.0,18.770605,Available
36029,Erie County,NY,42.752759,-78.778192,950602,27212504,5130.0,35536.0,18.770605,Available
36031,Essex County,NY,44.109601,-73.778431,36744,39794122,,,18.770605,No matching published BLS row
36033,Franklin County,NY,44.594376,-74.31067,47086,21964240,,,18.770605,No matching published BLS row
36035,Fulton County,NY,43.115609,-74.423678,52073,51968156,,,18.770605,Suppressed by BLS
36037,Genesee County,NY,43.00091,-78.192778,57604,26174718,112.0,61940.0,18.770605,Available
36039,Greene County,NY,42.28697,-74.149542,46903,56431496,,,18.770605,Suppressed by BLS
36041,Hamilton County,NY,43.657879,-74.502456,5082,45836543,,,18.770605,No matching published BLS row
36043,Herkimer County,NY,43.571009,-74.841097,59585,47817322,,,18.770605,Suppressed by BLS
36045,Jefferson County,NY,43.996389,-76.052968,113140,26439661,,,18.770605,Suppressed by BLS
36047,Kings County,NY,40.635045,-73.95064,2617631,61238173,1427.0,51780.0,18.770605,Available
36049,Lewis County,NY,43.782706,-75.444132,26570,43909315,,,18.770605,Suppressed by BLS
36051,Livingston County,NY,42.729042,-77.778463,61561,47663421,,,18.770605,Suppressed by BLS
36053,Madison County,NY,42.910026,-75.663575,67072,54932630,,,18.770605,No matching published BLS row
36055,Monroe County,NY,43.250347,-77.700518,752202,26993686,4242.0,64801.0,18.770605,Available
36057,Montgomery County,NY,42.900891,-74.435357,49648,53808443,,,18.770605,Suppressed by BLS
36059,Nassau County,NY,40.729612,-73.589414,1392438,60668916,3092.0,46229.0,18.770605,Available
36061,New York County,NY,40.776642,-73.970187,1660664,61595319,1268.0,41169.0,18.770605,Available
36063,Niagara County,NY,43.272672,-78.812943,209570,22519756,118.0,52095.0,18.770605,Available
36065,Oneida County,NY,43.242727,-75.434282,228347,51985102,,,18.770605,Suppressed by BLS
36067,Onondaga County,NY,43.006516,-76.196134,469812,51130282,5197.0,35650.0,18.770605,Available
36069,Ontario County,NY,42.856357,-77.303497,113012,49119950,26.0,39509.0,18.770605,Available
36071,Orange County,NY,41.40241,-74.306252,411767,63284329,3455.0,76425.0,18.770605,Available
36073,Orleans County,NY,43.339906,-78.207028,39686,20794609,20.0,55706.0,18.770605,Available
36075,Oswego County,NY,43.461443,-76.209262,118305,42321594,39.0,75946.0,18.770605,Available
36077,Otsego County,NY,42.629776,-75.028841,60524,55996727,,,18.770605,No matching published BLS row
36079,Putnam County,NY,41.427907,-73.743861,98409,59806835,,,18.770605,Suppressed by BLS
36081,Queens County,NY,40.654658,-73.841209,2316841,61034526,2131.0,51801.0,18.770605,Available
36083,Rensselaer County,NY,42.710421,-73.513845,160749,51497635,,,18.770605,Suppressed by BLS
36085,Richmond County,NY,40.561263,-74.1399,498212,61667208,,,18.770605,Suppressed by BLS
36087,Rockland County,NY,41.154628,-74.024662,348144,62613608,707.0,62882.0,18.770605,Available
36089,St. Lawrence County,NY,44.488112,-75.074311,106198,21642587,,,18.770605,Suppressed by BLS
36091,Saratoga County,NY,43.106135,-73.855387,240360,50618446,,,18.770605,Suppressed by BLS
36093,Schenectady County,NY,42.817552,-74.043559,162261,53865139,962.0,58026.0,18.770605,Available
36095,Schoharie County,NY,42.591294,-74.438172,30151,55650252,,,18.770605,Suppressed by BLS
36097,Schuyler County,NY,42.419776,-76.938603,17121,59106632,,,18.770605,No matching published BLS row
36099,Seneca County,NY,42.782294,-76.827088,32650,51138492,,,18.770605,Suppressed by BLS
36101,Steuben County,NY,42.266725,-77.385525,92015,59222276,,,18.770605,Suppressed by BLS
36103,Suffolk County,NY,40.943554,-72.692218,1535909,53457733,1321.0,76164.0,18.770605,Available
36105,Sullivan County,NY,41.719993,-74.771577,80450,63465306,,,18.770605,Suppressed by BLS
36107,Tioga County,NY,42.178057,-76.297456,47574,61035815,,,18.770605,Suppressed by BLS
36109,Tompkins County,NY,42.453006,-76.473483,105602,56879993,,,18.770605,Suppressed by BLS
36111,Ulster County,NY,41.947212,-74.265458,182977,59057517,90.0,68051.0,18.770605,Available
36113,Warren County,NY,43.555105,-73.838139,65288,44714435,,,18.770605,Suppressed by BLS
36115,Washington County,NY,43.312377,-73.439428,59839,47414307,,,18.770605,No matching published BLS row
36117,Wayne County,NY,43.218114,-77.049402,90757,42239479,179.0,48982.0,18.770605,Available
36119,Westchester County,NY,41.152686,-73.745753,1006447,60762175,171.0,74158.0,18.770605,Available
36121,Wyoming County,NY,42.701365,-78.228576,39588,34237445,,,18.770605,Suppressed by BLS
36123,Yates County,NY,42.638237,-77.104324,24387,52659999,,,18.770605,No matching published BLS row
39001,Adams County,OH,38.834468,-83.478082,27671,34503542,,,10.662838,Suppressed by BLS
39003,Allen County,OH,40.771627,-84.106103,100866,45897693,247.0,51136.0,10.662838,Available
39005,Ashland County,OH,40.843273,-82.270127,52420,35288335,166.0,61536.0,10.662838,Available
39007,Ashtabula County,OH,41.906637,-80.745592,96906,29756175,166.0,53284.0,10.662838,Available
39009,Athens County,OH,39.332755,-82.045885,63218,37044046,,,10.662838,No matching published BLS row
39011,Auglaize County,OH,40.561309,-84.224018,45922,45789621,44.0,78558.0,10.662838,Available
39013,Belmont County,OH,40.017682,-80.967727,64692,41410182,,,10.662838,Suppressed by BLS
39015,Brown County,OH,38.931377,-83.866772,44292,34952237,,,10.662838,Suppressed by BLS
39017,Butler County,OH,39.439747,-84.565734,399542,42049912,4670.0,49416.0,10.662838,Available
39019,Carroll County,OH,40.579884,-81.090787,26460,39058980,,,10.662838,Suppressed by BLS
39021,Champaign County,OH,40.132775,-83.767604,38907,42554915,,,10.662838,Suppressed by BLS
39023,Clark County,OH,39.917032,-83.783676,134985,42702529,1290.0,57110.0,10.662838,Available
39025,Clermont County,OH,39.052054,-84.149485,214123,35718897,,,10.662838,Suppressed by BLS
39027,Clinton County,OH,39.416681,-83.804583,42019,37651652,,,10.662838,Suppressed by BLS
39029,Columbiana County,OH,40.770073,-80.778455,99823,41461202,90.0,67089.0,10.662838,Available
39031,Coshocton County,OH,40.29671,-81.930109,37003,36994264,,,10.662838,Suppressed by BLS
39033,Crawford County,OH,40.848524,-82.924783,41626,35581174,,,10.662838,Suppressed by BLS
39035,Cuyahoga County,OH,41.555037,-81.604957,1240594,32551836,11478.0,45476.0,10.662838,Available
39037,Darke County,OH,40.131467,-84.621191,51462,45178005,,,10.662838,Suppressed by BLS
39039,Defiance County,OH,41.321679,-84.486433,38644,45661800,,,10.662838,Suppressed by BLS
39041,Delaware County,OH,40.278941,-83.007462,237966,36097267,1306.0,57954.0,10.662838,Available
39043,Erie County,OH,41.394143,-82.586835,73841,34524470,,,10.662838,Suppressed by BLS
39045,Fairfield County,OH,39.747694,-82.626685,167762,36170196,,,10.662838,Suppressed by BLS
39047,Fayette County,OH,39.555246,-83.461893,28782,37386182,,,10.662838,Suppressed by BLS
39049,Franklin County,OH,39.969875,-83.009086,1356303,36537874,17313.0,60090.0,10.662838,Available
39051,Fulton County,OH,41.597264,-84.124267,42028,45014130,,,10.662838,Suppressed by BLS
39053,Gallia County,OH,38.817046,-82.301746,28886,35243585,,,10.662838,No matching published BLS row
39055,Geauga County,OH,41.499322,-81.173505,95362,32480667,,,10.662838,Suppressed by BLS
39057,Greene County,OH,39.687479,-83.894894,172347,42765188,,,10.662838,Suppressed by BLS
39059,Guernsey County,OH,40.056665,-81.497875,38219,39418541,,,10.662838,Suppressed by BLS
39061,Hamilton County,OH,39.196927,-84.544187,837359,41299623,1803.0,66888.0,10.662838,Available
39063,Hancock County,OH,41.000217,-83.665947,75016,43645436,1984.0,45262.0,10.662838,Available
39065,Hardin County,OH,40.660415,-83.664077,30402,43855613,,,10.662838,No matching published BLS row
39067,Harrison County,OH,40.292318,-81.091565,14042,40910768,,,10.662838,No matching published BLS row
39069,Henry County,OH,41.331584,-84.0689,27536,45607045,158.0,45512.0,10.662838,Available
39071,Highland County,OH,39.184422,-83.601359,43785,36623356,,,10.662838,Suppressed by BLS
39073,Hocking County,OH,39.490342,-82.483447,27429,36146812,,,10.662838,No matching published BLS row
39075,Holmes County,OH,40.565597,-81.930001,44668,35245180,,,10.662838,Suppressed by BLS
39077,Huron County,OH,41.14508,-82.594641,58168,35482248,,,10.662838,Suppressed by BLS
39079,Jackson County,OH,39.013477,-82.614142,32723,34536329,,,10.662838,Suppressed by BLS
39081,Jefferson County,OH,40.399384,-80.763527,63900,41708394,,,10.662838,Suppressed by BLS
39083,Knox County,OH,40.40362,-82.422393,63848,36865043,,,10.662838,No matching published BLS row
39085,Lake County,OH,41.778142,-81.19733,232360,30979747,54.0,44351.0,10.662838,Available
39087,Lawrence County,OH,38.603866,-82.517186,55829,35467898,112.0,70761.0,10.662838,Available
39089,Licking County,OH,40.091505,-82.483435,184898,35848005,5968.0,48804.0,10.662838,Available
39091,Logan County,OH,40.387553,-83.766343,46085,43834814,1814.0,55409.0,10.662838,Available
39093,Lorain County,OH,41.438805,-82.179722,322030,33201044,442.0,50418.0,10.662838,Available
39095,Lucas County,OH,41.682321,-83.468903,426291,41688144,772.0,60238.0,10.662838,Available
39097,Madison County,OH,39.89661,-83.400887,45531,36638910,6969.0,46201.0,10.662838,Available
39099,Mahoning County,OH,41.01088,-80.770396,225786,39856151,564.0,35120.0,10.662838,Available
39101,Marion County,OH,40.588034,-83.168803,64976,41379281,,,10.662838,Suppressed by BLS
39103,Medina County,OH,41.116174,-81.899764,184625,33855342,595.0,55427.0,10.662838,Available
39105,Meigs County,OH,39.089807,-82.028397,21491,36272182,,,10.662838,No matching published BLS row
39107,Mercer County,OH,40.535333,-84.632059,42648,46228256,,,10.662838,Suppressed by BLS
39109,Miami County,OH,40.053326,-84.228413,111950,44120052,1395.0,53000.0,10.662838,Available
39111,Monroe County,OH,39.726253,-81.090983,13051,42548363,,,10.662838,No matching published BLS row
39113,Montgomery County,OH,39.753736,-84.290591,537443,44558568,5322.0,49123.0,10.662838,Available
39115,Morgan County,OH,39.624946,-81.861697,13532,36922661,,,10.662838,No matching published BLS row
39117,Morrow County,OH,40.525266,-82.797729,35927,35919958,,,10.662838,Suppressed by BLS
39119,Muskingum County,OH,39.966046,-81.943506,86582,36286168,1640.0,47923.0,10.662838,Available
39121,Noble County,OH,39.767232,-81.452493,14269,39858427,,,10.662838,No matching published BLS row
39123,Ottawa County,OH,41.545495,-83.012613,39692,39360343,,,10.662838,Suppressed by BLS
39125,Paulding County,OH,41.118948,-84.582125,18755,45865049,,,10.662838,Suppressed by BLS
39127,Perry County,OH,39.743187,-82.237952,35682,36936738,,,10.662838,No matching published BLS row
39129,Pickaway County,OH,39.648947,-83.052827,62158,36054273,1325.0,46164.0,10.662838,Available
39131,Pike County,OH,39.071341,-83.052911,27065,36191988,,,10.662838,Suppressed by BLS
39133,Portage County,OH,41.16897,-81.196962,163839,33723602,657.0,73510.0,10.662838,Available
39135,Preble County,OH,39.73881,-84.644758,40801,43545122,,,10.662838,Suppressed by BLS
39137,Putnam County,OH,41.024533,-84.129879,34206,45836616,,,10.662838,Suppressed by BLS
39139,Richland County,OH,40.774159,-82.542781,124853,36108481,292.0,127355.0,10.662838,Available
39141,Ross County,OH,39.323895,-83.059538,76046,36532862,209.0,45755.0,10.662838,Available
39143,Sandusky County,OH,41.355319,-83.142776,58866,40930493,335.0,60840.0,10.662838,Available
39145,Scioto County,OH,38.814889,-82.998675,71798,35199704,,,10.662838,Suppressed by BLS
39147,Seneca County,OH,41.119992,-83.127547,54730,40504017,101.0,54485.0,10.662838,Available
39149,Shelby County,OH,40.33668,-84.204142,47952,45296880,153.0,53157.0,10.662838,Available
39151,Stark County,OH,40.814131,-81.365667,374091,34359542,3849.0,52128.0,10.662838,Available
39153,Summit County,OH,41.121847,-81.534928,538370,34317543,6887.0,43496.0,10.662838,Available
39155,Trumbull County,OH,41.306374,-80.7704,200300,34570271,,,10.662838,Suppressed by BLS
39157,Tuscarawas County,OH,40.447439,-81.471166,92048,37516650,25.0,47808.0,10.662838,Available
39159,Union County,OH,40.295901,-83.367042,71721,41558411,480.0,53388.0,10.662838,Available
39161,Van Wert County,OH,40.85552,-84.585775,28887,46201215,,,10.662838,Suppressed by BLS
39163,Vinton County,OH,39.252042,-82.485961,12545,36456075,,,10.662838,No matching published BLS row
39165,Warren County,OH,39.425663,-84.16994,256059,42754112,1883.0,49535.0,10.662838,Available
39167,Washington County,OH,39.450676,-81.490636,58332,40538815,193.0,57261.0,10.662838,Available
39169,Wayne County,OH,40.829661,-81.887194,116632,34835326,130.0,42779.0,10.662838,Available
39171,Williams County,OH,41.564959,-84.584324,36554,44599593,,,10.662838,Suppressed by BLS
39173,Wood County,OH,41.360183,-83.622682,133077,43841928,6398.0,40667.0,10.662838,Available
39175,Wyandot County,OH,40.839782,-83.313681,21394,41679981,,,10.662838,Suppressed by BLS
42001,Adams County,PA,39.869437,-77.21775,107914,62420949,430.0,60504.0,11.030316,Available
42003,Allegheny County,PA,40.469757,-79.980451,1231814,44690832,5595.0,59153.0,11.030316,Available
42005,Armstrong County,PA,40.81238,-79.464129,63679,46450431,,,11.030316,Suppressed by BLS
42007,Beaver County,PA,40.68414,-80.350721,165540,43278038,276.0,74108.0,11.030316,Available
42009,Bedford County,PA,39.998634,-78.494747,47643,59284378,,,11.030316,Suppressed by BLS
42011,Berks County,PA,40.413957,-75.92686,439117,63792296,6346.0,52477.0,11.030316,Available
42013,Blair County,PA,40.498683,-78.309597,120269,60516258,1060.0,82119.0,11.030316,Available
42015,Bradford County,PA,41.791504,-76.502123,59699,61062168,,,11.030316,Suppressed by BLS
42017,Bucks County,PA,40.336887,-75.10706,650131,62997364,3432.0,63733.0,11.030316,Available
42019,Butler County,PA,40.913847,-79.918978,199341,43785346,666.0,66664.0,11.030316,Available
42021,Cambria County,PA,40.510209,-78.710488,130108,55863265,185.0,56696.0,11.030316,Available
42023,Cameron County,PA,41.438291,-78.198323,4348,58797603,,,11.030316,No matching published BLS row
42025,Carbon County,PA,40.918367,-75.705039,65743,65067462,,,11.030316,Suppressed by BLS
42027,Centre County,PA,40.909322,-77.847667,159805,60849083,67.0,68251.0,11.030316,Available
42029,Chester County,PA,39.974029,-75.749751,560745,61936779,1404.0,65988.0,11.030316,Available
42031,Clarion County,PA,41.198159,-79.420369,36855,44645752,,,11.030316,Suppressed by BLS
42033,Clearfield County,PA,41.006862,-78.477724,78132,58903735,,,11.030316,Suppressed by BLS
42035,Clinton County,PA,41.239508,-77.629009,37865,60478405,,,11.030316,Suppressed by BLS
42037,Columbia County,PA,41.045517,-76.40426,66012,62358014,1284.0,54501.0,11.030316,Available
42039,Crawford County,PA,41.687876,-80.107795,82089,36122071,,,11.030316,Suppressed by BLS
42041,Cumberland County,PA,40.164805,-77.263442,275516,64423671,12797.0,55994.0,11.030316,Available
42043,Dauphin County,PA,40.412565,-76.792634,293029,63163698,4322.0,58454.0,11.030316,Available
42045,Delaware County,PA,39.916685,-75.398818,584882,61066003,698.0,69254.0,11.030316,Available
42047,Elk County,PA,41.427332,-78.653937,30124,52540445,,,11.030316,Suppressed by BLS
42049,Erie County,PA,42.117952,-80.096386,267750,30220260,467.0,52776.0,11.030316,Available
42051,Fayette County,PA,39.918911,-79.640253,123941,45730301,,,11.030316,Suppressed by BLS
42053,Forest County,PA,41.513304,-79.249705,6601,44292190,,,11.030316,No matching published BLS row
42055,Franklin County,PA,39.926772,-77.724521,159285,61734056,6424.0,58044.0,11.030316,Available
42057,Fulton County,PA,39.91075,-78.122617,14452,62006891,,,11.030316,No matching published BLS row
42059,Greene County,PA,39.847707,-80.225655,33960,42225090,,,11.030316,No matching published BLS row
42061,Huntingdon County,PA,40.422311,-77.968595,43359,61118069,,,11.030316,No matching published BLS row
42063,Indiana County,PA,40.651432,-79.087545,82953,48810793,,,11.030316,Suppressed by BLS
42065,Jefferson County,PA,41.138028,-79.012419,43367,49845196,78.0,36923.0,11.030316,Available
42067,Juniata County,PA,40.530673,-77.400438,23395,63354636,,,11.030316,No matching published BLS row
42069,Lackawanna County,PA,41.436636,-75.608768,216859,65247084,4793.0,44821.0,11.030316,Available
42071,Lancaster County,PA,40.041992,-76.250198,563293,62889423,6961.0,57641.0,11.030316,Available
42073,Lawrence County,PA,40.992735,-80.334446,84233,41613327,72.0,55874.0,11.030316,Available
42075,Lebanon County,PA,40.371448,-76.464819,145319,62955011,3219.0,58604.0,11.030316,Available
42077,Lehigh County,PA,40.614241,-75.590627,385655,63418526,10091.0,60053.0,11.030316,Available
42079,Luzerne County,PA,41.173078,-75.976053,331379,62478328,13706.0,52939.0,11.030316,Available
42081,Lycoming County,PA,41.343882,-77.055262,113236,63026971,335.0,54761.0,11.030316,Available
42083,McKean County,PA,41.81459,-78.572463,39478,49361245,,,11.030316,No matching published BLS row
42085,Mercer County,PA,41.300014,-80.252786,108140,39665014,,,11.030316,Suppressed by BLS
42087,Mifflin County,PA,40.601615,-77.651832,45935,61421415,34.0,68562.0,11.030316,Available
42089,Monroe County,PA,41.05624,-75.329065,166523,65120603,1740.0,52345.0,11.030316,Available
42091,Montgomery County,PA,40.209999,-75.370201,879190,63479133,1669.0,58786.0,11.030316,Available
42093,Montour County,PA,41.029284,-76.665225,18115,61832082,,,11.030316,Suppressed by BLS
42095,Northampton County,PA,40.752791,-75.307447,322989,64542573,9295.0,54459.0,11.030316,Available
42097,Northumberland County,PA,40.851524,-76.709877,90027,62647358,900.0,54555.0,11.030316,Available
42099,Perry County,PA,40.39778,-77.266328,46816,63629370,,,11.030316,No matching published BLS row
42101,Philadelphia County,PA,40.009376,-75.133346,1573916,60137181,4865.0,51410.0,11.030316,Available
42103,Pike County,PA,41.325949,-75.031514,62376,64845026,,,11.030316,No matching published BLS row
42105,Potter County,PA,41.748587,-77.894436,15993,58859972,,,11.030316,No matching published BLS row
42107,Schuylkill County,PA,40.703682,-76.217788,144523,62959367,4612.0,53518.0,11.030316,Available
42109,Snyder County,PA,40.755412,-77.07302,39627,64186381,,,11.030316,No matching published BLS row
42111,Somerset County,PA,39.981297,-79.028486,72134,45971263,,,11.030316,Suppressed by BLS
42113,Sullivan County,PA,41.439285,-76.511717,5927,61619925,,,11.030316,No matching published BLS row
42115,Susquehanna County,PA,41.819665,-75.800969,38100,64805252,,,11.030316,Suppressed by BLS
42117,Tioga County,PA,41.766858,-77.257288,40698,62665054,,,11.030316,Suppressed by BLS
42119,Union County,PA,40.962179,-77.055475,42159,64130297,,,11.030316,Suppressed by BLS
42121,Venango County,PA,41.400714,-79.765813,49476,40969899,,,11.030316,Suppressed by BLS
42123,Warren County,PA,41.834298,-79.298182,37373,41100650,,,11.030316,Suppressed by BLS
42125,Washington County,PA,40.200005,-80.252132,210434,44250324,392.0,56942.0,11.030316,Available
42127,Wayne County,PA,41.646602,-75.292493,51419,65140130,,,11.030316,Suppressed by BLS
42129,Westmoreland County,PA,40.311068,-79.466688,350935,46147015,2420.0,61164.0,11.030316,Available
42131,Wyoming County,PA,41.525167,-76.008682,25771,63775863,,,11.030316,Suppressed by BLS
42133,York County,PA,39.921751,-76.728889,471240,61326798,7568.0,52064.0,11.030316,Available
