STCOFIPS,RISK_SCORE,RISK_RATNG,EAL_VALT,IFLD_RISKS,IFLD_RISKR,CFLD_RISKS,CFLD_RISKR,WNTW_RISKS,WNTW_RISKR,HRCN_RISKS,HRCN_RISKR,NRI_VER
24001,58.524173027989825,Relatively Low,15004638.32124128,73.6323155216285,Relatively Moderate,,Not Applicable,72.75620623806492,Relatively Moderate,67.66791823112224,Relatively Low,December 2025
24003,81.87022900763358,Relatively Moderate,74705809.69601256,80.94783715012723,Relatively Moderate,73.2,Relatively Moderate,95.9261616804583,Relatively High,87.19232373800584,Relatively Moderate,December 2025
24005,93.98854961832062,Relatively Moderate,157071718.7668394,93.89312977099237,Relatively High,73.8,Relatively Moderate,99.68173138128581,Very High,92.74092615769712,Relatively Moderate,December 2025
24009,28.912213740458014,Very Low,15987885.458403429,28.912213740458014,Very Low,59.4,Relatively Low,53.18268618714195,Relatively Low,81.72715894868585,Relatively Moderate,December 2025
24011,45.70610687022901,Relatively Low,12549746.433242714,26.55852417302799,Very Low,53.400000000000006,Relatively Low,63.876511775938894,Relatively Moderate,88.15185648727577,Relatively Moderate,December 2025
24013,59.510178117048355,Relatively Low,32335370.059731513,66.73027989821882,Relatively Low,,Not Applicable,85.93252705283258,Relatively High,76.9712140175219,Relatively Low,December 2025
24015,58.5559796437659,Relatively Low,23230631.95966834,60.75063613231551,Relatively Low,56.599999999999994,Relatively Low,87.11012094207511,Relatively High,78.30621610346267,Relatively Low,December 2025
24017,44.14758269720102,Relatively Low,22505317.49588309,50.57251908396947,Relatively Low,52.400000000000006,Relatively Low,71.00572883513686,Relatively Moderate,78.01418439716312,Relatively Low,December 2025
24019,53.848600508905854,Relatively Low,15676706.797043603,21.62849872773537,Very Low,91.2,Relatively High,44.907702100572884,Relatively Low,85.3566958698373,Relatively Moderate,December 2025
24021,74.20483460559797,Relatively Low,49865081.48745621,81.58396946564885,Relatively Moderate,,Not Applicable,90.64290260980268,Relatively High,79.26574885273259,Relatively Low,December 2025
24023,15.998727735368956,Very Low,5818019.06503747,34.70101781170484,Very Low,,Not Applicable,64.25843411839593,Relatively Moderate,63.829787234042556,Relatively Low,December 2025
24025,72.45547073791349,Relatively Low,51370787.83154208,78.37150127226464,Relatively Moderate,47.8,Relatively Low,94.01654996817314,Relatively High,81.64372131831456,Relatively Moderate,December 2025
24027,72.42366412213741,Relatively Low,51964901.122175016,78.11704834605598,Relatively Moderate,20.4,Very Low,92.74347549331637,Relatively High,81.18481435127242,Relatively Low,December 2025
24029,27.512722646310433,Very Low,8493602.979786035,16.28498727735369,Very Low,60.0,Relatively Low,45.989815404201146,Relatively Low,80.80934501460159,Relatively Low,December 2025
24031,91.66666666666666,Relatively Moderate,126417476.09960777,93.73409669211196,Relatively High,19.6,Very Low,99.2043284532145,Very High,91.7813934084272,Relatively Moderate,December 2025
24033,93.1615776081425,Relatively Moderate,121764532.57377777,94.59287531806616,Relatively High,49.4,Relatively Low,99.07702100572884,Very High,92.15686274509804,Relatively Moderate,December 2025
24035,35.6234096692112,Very Low,12707991.20873874,34.160305343511446,Very Low,67.2,Relatively Moderate,64.06747294716742,Relatively Moderate,78.5148101793909,Relatively Low,December 2025
24037,42.55725190839695,Very Low,22455692.933473404,36.76844783715013,Relatively Low,63.0,Relatively Moderate,58.05219605346913,Relatively Low,85.1063829787234,Relatively Moderate,December 2025
24039,59.573791348600516,Relatively Low,16945477.963596873,24.33206106870229,Very Low,93.2,Relatively High,38.54232972628899,Relatively Low,88.77763871506049,Relatively Moderate,December 2025
24041,42.36641221374045,Very Low,12888746.98815966,28.021628498727736,Very Low,70.6,Relatively Moderate,57.32017823042648,Relatively Low,83.18731748018357,Relatively Moderate,December 2025
24043,68.76590330788804,Relatively Low,26876447.367770467,73.09160305343512,Relatively Moderate,,Not Applicable,81.19032463399108,Relatively Moderate,85.69044639132248,Relatively Moderate,December 2025
24045,60.782442748091604,Relatively Low,24089523.66760412,44.24300254452926,Relatively Low,57.8,Relatively Low,78.73965626989178,Relatively Moderate,91.57279933249896,Relatively Moderate,December 2025
24047,68.19338422391857,Relatively Low,25501002.31959256,50.09541984732825,Relatively Low,88.0,Relatively High,74.09293443666455,Relatively Moderate,91.98998748435544,Relatively Moderate,December 2025
24510,95.00636132315522,Relatively High,136286459.9084393,94.27480916030534,Relatively High,64.0,Relatively Moderate,97.80394653087205,Very High,92.32373800584064,Relatively Moderate,December 2025
34001,92.970737913486,Relatively Moderate,123349065.08341135,92.6526717557252,Relatively Moderate,96.2,Very High,97.10375556970082,Very High,95.78639966624948,Relatively High,December 2025
34003,97.83715012722645,Relatively High,321783403.3023655,98.75954198473282,Relatively High,100.0,Very High,98.56779121578613,Very High,92.78264497288276,Relatively Moderate,December 2025
34005,93.60687022900763,Relatively Moderate,175787965.5208869,96.4058524173028,Relatively High,79.0,Relatively Moderate,98.47231063017186,Very High,88.81935753024615,Relatively Moderate,December 2025
34007,93.22519083969466,Relatively Moderate,121932740.07426424,95.61068702290076,Relatively High,76.0,Relatively Moderate,99.39528962444302,Very High,88.5273258239466,Relatively Moderate,December 2025
34009,91.03053435114504,Relatively Moderate,99653776.89343332,89.66284987277355,Relatively Moderate,99.4,Very High,88.60598345003183,Relatively High,93.11639549436796,Relatively Moderate,December 2025
34011,82.56997455470739,Relatively Moderate,44027127.61532459,72.2328244274809,Relatively Low,88.4,Relatively High,94.68491406747295,Relatively High,91.94826866916979,Relatively Moderate,December 2025
34013,97.70992366412213,Relatively High,214065874.21248305,98.82315521628499,Relatively High,65.4,Relatively Moderate,97.00827498408657,Very High,91.82311222361285,Relatively Moderate,December 2025
34015,86.64122137404581,Relatively Moderate,77018552.28626363,87.91348600508906,Relatively Moderate,84.2,Relatively High,96.91279439847231,Very High,83.729662077597,Relatively Moderate,December 2025
34017,97.2328244274809,Relatively High,188810113.71340957,98.56870229007633,Relatively High,95.0,Very High,95.16231699554424,Relatively High,91.73967459324155,Relatively Moderate,December 2025
34019,78.68956743002545,Relatively Low,68536281.28913677,86.76844783715013,Relatively Moderate,,Not Applicable,81.79503500954806,Relatively Moderate,74.67667918231122,Relatively Low,December 2025
34021,95.35623409669212,Relatively High,176201903.16101018,97.16921119592875,Relatively High,56.8,Relatively Low,97.74029280712921,Very High,94.61827284105131,Relatively High,December 2025
34023,97.7735368956743,Relatively High,282373040.762363,98.85496183206108,Relatively High,83.6,Relatively High,99.58625079567155,Very High,92.61576971214018,Relatively Moderate,December 2025
34025,96.31043256997455,Relatively High,281576169.48307353,95.80152671755725,Relatively High,90.2,Relatively High,97.5493316359007,Very High,93.07467667918232,Relatively Moderate,December 2025
34027,92.87531806615776,Relatively Moderate,208123615.3132424,96.31043256997455,Relatively High,,Not Applicable,96.49904519414386,Very High,85.1898206090947,Relatively Moderate,December 2025
34029,96.15139949109415,Relatively High,203743456.15511364,96.72391857506362,Relatively High,98.2,Very High,99.42711648631445,Very High,93.2415519399249,Relatively High,December 2025
34031,95.83333333333334,Relatively High,148828486.17787963,97.83715012722645,Relatively High,25.4,Very Low,97.7084659452578,Very High,87.90154359616187,Relatively Moderate,December 2025
34033,76.52671755725191,Relatively Low,40070461.93245545,69.78371501272265,Relatively Low,95.8,Very High,83.6728198599618,Relatively Moderate,76.80433875677932,Relatively Low,December 2025
34035,90.93511450381679,Relatively Moderate,160585575.02955133,95.0381679389313,Relatively High,29.4,Very Low,94.20751113940166,Relatively High,83.4793491864831,Relatively Moderate,December 2025
34037,77.44910941475827,Relatively Low,58655314.42958027,77.32188295165395,Relatively Moderate,,Not Applicable,78.80330999363463,Relatively Moderate,71.46433041301627,Relatively Low,December 2025
34039,95.48346055979644,Relatively High,163061284.9824323,97.51908396946564,Relatively High,72.39999999999999,Relatively Moderate,98.53596435391471,Very High,88.98623279098874,Relatively Moderate,December 2025
34041,80.75699745547074,Relatively Low,57265871.04365951,86.54580152671755,Relatively Moderate,,Not Applicable,83.3545512412476,Relatively Moderate,79.93324989570296,Relatively Low,December 2025
36001,85.87786259541986,Relatively Moderate,64289673.432765074,90.2671755725191,Relatively Moderate,0.0,No Rating,61.13940165499682,Relatively Moderate,84.43888193575303,Relatively Moderate,December 2025
36003,69.75190839694656,Relatively Low,26890831.827580947,84.57379134860051,Relatively Moderate,,Not Applicable,31.5404201145767,Relatively Low,64.08010012515645,Relatively Low,December 2025
36005,98.34605597964376,Relatively High,212188993.16820252,98.53689567430025,Relatively High,85.6,Relatively High,99.26798217695735,Very High,95.2857738840217,Relatively High,December 2025
36007,87.46819338422391,Relatively Moderate,60124290.172562174,93.19338422391857,Relatively Moderate,,Not Applicable,90.6747294716741,Relatively High,77.84730913642053,Relatively Low,December 2025
36009,81.58396946564885,Relatively Moderate,33782773.64180829,89.91730279898219,Relatively Moderate,,Not Applicable,66.13621896880969,Relatively Moderate,68.12682519816437,Relatively Low,December 2025
36011,61.51399491094147,Relatively Low,23788661.325646125,78.0852417302799,Relatively Moderate,21.4,Very Low,72.15149586250796,Relatively Moderate,64.74760116812682,Relatively Low,December 2025
36013,84.63740458015268,Relatively Moderate,43575356.278776206,91.2849872773537,Relatively Moderate,23.599999999999998,Very Low,74.0292807129217,Relatively Moderate,68.79432624113475,Relatively Low,December 2025
36015,54.770992366412216,Relatively Low,18111184.593990687,72.16921119592875,Relatively Low,,Not Applicable,27.27562062380649,Relatively Low,66.33291614518147,Relatively Low,December 2025
36017,72.32824427480917,Relatively Low,27043779.087506197,85.6234096692112,Relatively Moderate,,Not Applicable,66.29535327816677,Relatively Moderate,66.41635377555278,Relatively Low,December 2025
36019,68.79770992366412,Relatively Low,28022079.270172648,82.3791348600509,Relatively Moderate,,Not Applicable,82.20878421387651,Relatively Moderate,61.15978306216103,Relatively Low,December 2025
36021,68.6704834605598,Relatively Low,24649097.21594,79.89821882951654,Relatively Moderate,0.0,No Rating,41.31126670910248,Relatively Low,81.30997079682936,Relatively Low,December 2025
36023,51.24045801526718,Relatively Low,17126208.22830317,71.85114503816794,Relatively Low,,Not Applicable,57.6702737110121,Relatively Low,59.24071756362119,Relatively Low,December 2025
36025,83.33333333333334,Relatively Moderate,35482503.48494373,91.18956743002545,Relatively Moderate,,Not Applicable,72.50159134309358,Relatively Moderate,76.84605757196495,Relatively Low,December 2025
36027,88.26335877862596,Relatively Moderate,85179593.5261731,92.36641221374046,Relatively Moderate,46.800000000000004,Relatively Low,76.41629535327816,Relatively Moderate,90.78014184397163,Relatively Moderate,December 2025
36029,97.67811704834605,Relatively High,286018630.0537324,99.01399491094148,Relatively High,44.4,Relatively Low,99.52259707192871,Very High,71.29745515227367,Relatively Low,December 2025
36031,62.65903307888041,Relatively Low,20584381.0155446,76.94020356234097,Relatively Moderate,,Not Applicable,68.71419478039465,Relatively Moderate,65.70713391739675,Relatively Low,December 2025
36033,48.854961832061065,Relatively Low,14282757.057145905,67.14376590330788,Relatively Low,,Not Applicable,56.71546785486951,Relatively Low,57.73884021693784,Very Low,December 2025
36035,48.6323155216285,Relatively Low,16540449.991506768,66.38040712468194,Relatively Low,,Not Applicable,60.15276893698282,Relatively Low,64.49728827701293,Relatively Low,December 2025
36037,56.10687022900763,Relatively Low,19083432.94301972,71.11959287531806,Relatively Low,,Not Applicable,27.848504137492043,Relatively Low,62.03587818105966,Relatively Low,December 2025
36039,68.28880407124683,Relatively Low,25250290.848884687,81.77480916030534,Relatively Moderate,19.0,Very Low,35.2959898154042,Relatively Low,81.43512724238632,Relatively Low,December 2025
36041,15.108142493638677,Very Low,5545330.41945822,41.82569974554708,Relatively Low,,Not Applicable,23.901973265436027,Very Low,46.89194826866917,Very Low,December 2025
36043,60.01908396946565,Relatively Low,21445752.5129274,78.53053435114504,Relatively Moderate,,Not Applicable,73.13812858052196,Relatively Moderate,62.45306633291614,Relatively Low,December 2025
36045,63.963104325699746,Relatively Low,25726419.75180576,77.95801526717557,Relatively Moderate,16.2,Very Low,93.53914704010184,Relatively High,53.191489361702125,Very Low,December 2025
36047,99.26844783715013,Relatively High,374807989.19078654,99.36386768447836,Very High,87.2,Relatively High,99.87269255251432,Very High,97.41343345848978,Relatively High,December 2025
36049,24.71374045801527,Very Low,9139545.245419273,49.93638676844784,Relatively Low,,Not Applicable,69.03246339910885,Relatively Moderate,47.392574050896954,Very Low,December 2025
36051,56.36132315521628,Relatively Low,18454241.102381814,73.34605597964376,Relatively Moderate,,Not Applicable,34.05474220241884,Relatively Low,57.32165206508135,Very Low,December 2025
36053,59.38295165394402,Relatively Low,22957563.353798345,77.06743002544529,Relatively Moderate,,Not Applicable,73.48822406110757,Relatively Moderate,59.57446808510638,Relatively Low,December 2025
36055,93.76590330788804,Relatively Moderate,141043887.946349,96.69211195928753,Relatively High,39.0,Very Low,95.4169318905156,Relatively High,68.75260742594911,Relatively Low,December 2025
36057,65.17175572519083,Relatively Low,19904589.86563478,80.470737913486,Relatively Moderate,,Not Applicable,66.42266072565245,Relatively Moderate,67.95994993742178,Relatively Low,December 2025
36059,97.13740458015268,Relatively High,298626040.0946954,98.21882951653944,Relatively High,98.4,Very High,98.91788669637174,Very High,95.41093032957863,Relatively High,December 2025
36061,98.79134860050891,Relatively High,306668120.64716005,99.23664122137404,Very High,77.8,Relatively Moderate,99.04519414385742,Very High,96.78765123070505,Relatively High,December 2025
36063,83.36513994910942,Relatively Moderate,52414252.03265478,90.99872773536896,Relatively Moderate,31.2,Very Low,56.142584341183955,Relatively Low,57.1964956195244,Very Low,December 2025
36065,86.32315521628499,Relatively Moderate,54849311.55598383,91.0941475826972,Relatively Moderate,,Not Applicable,96.94462126034374,Very High,70.08760951188987,Relatively Low,December 2025
36067,91.2531806615776,Relatively Moderate,103066256.79385118,95.16539440203562,Relatively High,,Not Applicable,97.58115849777212,Very High,77.17980809345015,Relatively Low,December 2025
36069,63.54961832061069,Relatively Low,26635279.49825802,78.84860050890585,Relatively Moderate,,Not Applicable,18.809675366008914,Very Low,58.906967042136,Relatively Low,December 2025
36071,90.5852417302799,Relatively Moderate,98739582.61448307,93.41603053435115,Relatively High,47.599999999999994,Relatively Low,93.73010821133036,Relatively High,90.82186065915728,Relatively Moderate,December 2025
36073,17.87531806615776,Very Low,6944589.60283275,39.853689567430024,Relatively Low,13.8,Very Low,22.59707192870783,Very Low,51.85648727576137,Very Low,December 2025
36075,67.55725190839695,Relatively Low,26619770.360319454,82.12468193384224,Relatively Moderate,33.6,Very Low,93.475493316359,Relatively High,60.659157279933254,Relatively Low,December 2025
36077,75.82697201017811,Relatively Low,31502049.395244095,85.84605597964376,Relatively Moderate,,Not Applicable,70.49649904519414,Relatively Moderate,64.62244472256988,Relatively Low,December 2025
36079,39.82188295165394,Very Low,20261378.66055936,57.44274809160306,Relatively Low,40.6,Very Low,54.04201145767027,Relatively Low,73.21652065081352,Relatively Low,December 2025
36081,99.17302798982189,Relatively High,377137501.0955131,99.33206106870229,Very High,96.6,Very High,99.74538510502865,Very High,97.07968293700459,Relatively High,December 2025
36083,82.15648854961832,Relatively Moderate,48981104.0823939,88.96310432569975,Relatively Moderate,0.0,No Rating,65.49968173138129,Relatively Moderate,79.39090529828952,Relatively Low,December 2025
36085,90.99872773536896,Relatively Moderate,82047939.64576562,91.95292620865139,Relatively Moderate,81.39999999999999,Relatively Moderate,89.56078930617441,Relatively High,90.23779724655819,Relatively Moderate,December 2025
36087,88.42239185750637,Relatively Moderate,60498874.635720804,91.79389312977099,Relatively Moderate,64.60000000000001,Relatively Moderate,94.84404837683005,Relatively High,85.60700876095119,Relatively Moderate,December 2025
36089,77.89440203562341,Relatively Low,31947870.26130253,84.95547073791349,Relatively Moderate,,Not Applicable,87.20560152768937,Relatively High,59.157279933249896,Relatively Low,December 2025
36091,73.02798982188295,Relatively Low,52968209.09311711,83.30152671755725,Relatively Moderate,,Not Applicable,46.65817950350096,Relatively Low,77.72215269086358,Relatively Low,December 2025
36093,71.27862595419847,Relatively Low,32361653.403243333,82.91984732824427,Relatively Moderate,,Not Applicable,47.453851050286445,Relatively Low,75.71964956195244,Relatively Low,December 2025
36095,41.348600508905854,Very Low,13070633.925461832,65.5852417302799,Relatively Low,,Not Applicable,48.56779121578612,Relatively Low,64.83103879849811,Relatively Low,December 2025
36097,16.253180661577606,Very Low,5989111.245004221,39.090330788804074,Relatively Low,,Not Applicable,9.261616804583069,Very Low,57.82227784730913,Very Low,December 2025
36099,41.82569974554708,Very Low,9827044.784804098,63.64503816793893,Relatively Low,,Not Applicable,10.884786760025461,Very Low,59.40759282436379,Relatively Low,December 2025
36101,76.8765903307888,Relatively Low,32948263.22446121,87.53180661577609,Relatively Moderate,,Not Applicable,34.08656906429026,Relatively Low,70.12932832707551,Relatively Low,December 2025
36103,97.32824427480917,Relatively High,320508679.0706194,98.31424936386769,Relatively High,98.6,Very High,98.82240611075747,Very High,96.8293700458907,Relatively High,December 2025
36105,78.27608142493638,Relatively Low,36504539.634428866,86.60941475826972,Relatively Moderate,,Not Applicable,64.035646085296,Relatively Moderate,79.18231122236129,Relatively Low,December 2025
36107,59.860050890585235,Relatively Low,19969572.70479694,78.88040712468194,Relatively Moderate,,Not Applicable,8.084022915340547,Very Low,62.703379224030044,Relatively Low,December 2025
36109,73.85496183206108,Relatively Low,34841983.519310445,86.19592875318067,Relatively Moderate,,Not Applicable,26.639083386378104,Relatively Low,64.53900709219859,Relatively Low,December 2025
36111,87.69083969465649,Relatively Moderate,67168443.99061781,91.88931297709924,Relatively Moderate,53.6,Relatively Low,68.80967536600892,Relatively Moderate,86.85857321652065,Relatively Moderate,December 2025
36113,62.30916030534351,Relatively Low,25406025.508048505,71.53307888040712,Relatively Low,,Not Applicable,52.03691915977085,Relatively Low,67.2090112640801,Relatively Low,December 2025
36115,56.61577608142494,Relatively Low,19435916.69697203,70.73791348600508,Relatively Low,,Not Applicable,37.77848504137492,Relatively Low,72.71589486858574,Relatively Low,December 2025
36117,56.265903307888046,Relatively Low,19049441.307578478,72.32824427480917,Relatively Low,16.400000000000002,Very Low,34.94589433481859,Relatively Low,57.40508969545265,Very Low,December 2025
36119,96.18320610687023,Relatively High,209791647.41774285,97.96437659033079,Relatively High,80.80000000000001,Relatively Moderate,97.77211966900063,Very High,93.61702127659575,Relatively High,December 2025
36121,41.25318066157761,Very Low,15041718.887014218,63.74045801526718,Relatively Low,,Not Applicable,39.81540420114577,Relatively Low,62.4947851481018,Relatively Low,December 2025
36123,46.62849872773537,Relatively Low,9972955.143712377,67.49363867684478,Relatively Low,,Not Applicable,15.18141311266709,Very Low,63.62119315811431,Relatively Low,December 2025
39001,43.829516539440206,Relatively Low,12790672.239018066,64.28117048346056,Relatively Low,,Not Applicable,47.77211966900063,Relatively Low,41.760534000834376,Very Low,December 2025
39003,73.34605597964376,Relatively Low,31930142.682078186,83.04707379134861,Relatively Moderate,,Not Applicable,78.4213876511776,Relatively Moderate,46.808510638297875,Very Low,December 2025
39005,46.342239185750635,Relatively Low,14705146.321423093,60.20992366412214,Relatively Low,,Not Applicable,78.03946530872055,Relatively Moderate,43.76303712974551,Very Low,December 2025
39007,62.59541984732825,Relatively Low,19456643.15090161,72.58269720101781,Relatively Low,28.799999999999997,Very Low,88.7332908975175,Relatively High,52.31539424280351,Very Low,December 2025
39009,68.73409669211196,Relatively Low,25467091.993226413,83.65139949109415,Relatively Moderate,,Not Applicable,31.15849777211967,Relatively Low,53.23320817688778,Very Low,December 2025
39011,41.76208651399491,Very Low,14813265.086061187,55.534351145038165,Relatively Low,,Not Applicable,58.46594525779758,Relatively Low,39.883187317480186,Very Low,December 2025
39013,75.19083969465649,Relatively Low,29225121.871438295,86.99109414758269,Relatively Moderate,,Not Applicable,24.665817950350096,Relatively Low,55.319148936170215,Very Low,December 2025
39015,62.56361323155216,Relatively Low,17695672.597738136,75.03180661577609,Relatively Moderate,,Not Applicable,51.68682367918523,Relatively Low,26.783479349186486,Very Low,December 2025
39017,91.47582697201018,Relatively Moderate,119723259.70480017,93.00254452926208,Relatively Moderate,,Not Applicable,90.32463399108848,Relatively High,27.743012098456404,Very Low,December 2025
39019,19.942748091603054,Very Low,6416319.426189741,42.843511450381676,Relatively Low,,Not Applicable,25.07956715467855,Relatively Low,36.17021276595745,Very Low,December 2025
39021,26.74936386768448,Very Low,10520512.357469838,43.79770992366412,Relatively Low,,Not Applicable,51.24124761298536,Relatively Low,27.617855652899458,Very Low,December 2025
39023,77.09923664122137,Relatively Low,32671462.45783226,84.16030534351145,Relatively Moderate,,Not Applicable,81.95416931890516,Relatively Moderate,40.00834376303713,Very Low,December 2025
39025,77.86259541984732,Relatively Low,46500598.83907065,81.29770992366412,Relatively Moderate,,Not Applicable,81.44493952896245,Relatively Moderate,20.859407592824365,Very Low,December 2025
39027,34.00127226463104,Very Low,11614873.652135001,44.656488549618324,Relatively Low,,Not Applicable,46.912794398472315,Relatively Low,35.33583646224447,Very Low,December 2025
39029,69.05216284987277,Relatively Low,25081104.538705084,82.15648854961832,Relatively Moderate,,Not Applicable,67.02737110120943,Relatively Moderate,59.532749269920735,Relatively Low,December 2025
39031,49.07760814249364,Relatively Low,10550581.77388909,66.76208651399492,Relatively Low,,Not Applicable,57.57479312539784,Relatively Low,40.383813099707965,Very Low,December 2025
39033,35.24173027989822,Very Low,12274117.872029575,51.908396946564885,Relatively Low,,Not Applicable,61.55315085932527,Relatively Moderate,36.086775135586144,Very Low,December 2025
39035,97.99618320610686,Relatively High,282430257.81315035,98.72773536895674,Relatively High,33.0,Very Low,96.4035646085296,Relatively High,62.369628702544844,Relatively Low,December 2025
39037,52.67175572519084,Relatively Low,20270079.714582898,60.1145038167939,Relatively Low,,Not Applicable,35.77339274347549,Relatively Low,37.755527743012095,Very Low,December 2025
39039,41.88931297709924,Very Low,15683440.253959121,59.35114503816794,Relatively Low,,Not Applicable,31.19032463399109,Relatively Low,27.033792240300375,Very Low,December 2025
39041,78.7531806615776,Relatively Low,69354325.07880075,86.35496183206108,Relatively Moderate,,Not Applicable,87.84213876511777,Relatively High,27.284105131414265,Very Low,December 2025
39043,61.35496183206107,Relatively Low,21174326.81759281,71.78753180661577,Relatively Low,47.0,Relatively Low,83.38637810311903,Relatively Moderate,49.89570296203588,Very Low,December 2025
39045,72.6145038167939,Relatively Low,38983952.22444716,81.80661577608143,Relatively Moderate,,Not Applicable,80.45830681094844,Relatively Moderate,29.453483521068,Very Low,December 2025
39047,25.890585241730278,Very Low,9541442.629948292,42.461832061068705,Relatively Low,,Not Applicable,32.686187141947805,Relatively Low,33.08302044221944,Very Low,December 2025
39049,98.05979643765903,Relatively High,331354855.2263869,98.79134860050891,Relatively High,,Not Applicable,96.33991088478676,Relatively High,49.68710888610764,Very Low,December 2025
39051,33.5559796437659,Very Low,12438171.585540833,41.73027989821883,Relatively Low,,Not Applicable,43.44366645448759,Relatively Low,28.702544847726326,Very Low,December 2025
39053,48.31424936386768,Relatively Low,11565559.570379788,67.58905852417303,Relatively Low,,Not Applicable,44.36664544875875,Relatively Low,47.89319983312474,Very Low,December 2025
39055,60.2735368956743,Relatively Low,19761094.93193645,73.2824427480916,Relatively Moderate,0.0,No Rating,92.93443666454488,Relatively High,44.43053817271589,Very Low,December 2025
39057,75.66793893129771,Relatively Low,41624586.31458772,75.41348600508906,Relatively Moderate,,Not Applicable,71.41947803946532,Relatively Moderate,37.63037129745515,Very Low,December 2025
39059,37.5,Very Low,9285820.839566574,58.905852417302796,Relatively Low,,Not Applicable,42.61616804583068,Relatively Low,40.71756362119316,Very Low,December 2025
39061,96.34223918575063,Relatively High,221186718.96019062,96.9147582697201,Relatively High,,Not Applicable,93.25270528325908,Relatively High,38.17271589486859,Very Low,December 2025
39063,54.07124681933843,Relatively Low,30851041.046528034,65.39440203562341,Relatively Low,,Not Applicable,66.3271801400382,Relatively Moderate,39.591155611180646,Very Low,December 2025
39065,24.427480916030532,Very Low,10566598.684738368,40.20356234096692,Relatively Low,,Not Applicable,48.63144493952896,Relatively Low,43.59616186900292,Very Low,December 2025
39067,11.41857506361323,Very Low,4058525.3135601697,27.32188295165394,Very Low,,Not Applicable,14.067472947167408,Very Low,34.751773049645394,Very Low,December 2025
39069,33.81043256997455,Very Low,13409906.783866731,55.089058524173026,Relatively Low,,Not Applicable,37.55569700827498,Relatively Low,36.79599499374218,Very Low,December 2025
39071,43.19338422391857,Relatively Low,13060108.931672642,56.64758269720102,Relatively Low,,Not Applicable,49.87269255251432,Relatively Low,45.8906967042136,Very Low,December 2025
39073,47.29643765903308,Relatively Low,14129572.185227167,68.8295165394402,Relatively Low,,Not Applicable,37.84213876511776,Relatively Low,15.43596161869003,Very Low,December 2025
39075,60.40076335877863,Relatively Low,11708645.741293585,71.18320610687023,Relatively Low,,Not Applicable,82.14513049013368,Relatively Moderate,52.02336253650396,Very Low,December 2025
39077,50.286259541984734,Relatively Low,16609896.09049547,60.527989821882954,Relatively Low,,Not Applicable,75.27052832590707,Relatively Moderate,45.39007092198582,Very Low,December 2025
39079,35.75063613231552,Very Low,8117116.890830385,57.1882951653944,Relatively Low,,Not Applicable,27.975811584977723,Relatively Low,49.3950771798081,Very Low,December 2025
39081,66.73027989821882,Relatively Low,22395150.326202475,81.64758269720102,Relatively Moderate,,Not Applicable,40.99299809038829,Relatively Low,59.82478097622027,Relatively Low,December 2025
39083,61.036895674300254,Relatively Low,18826292.015968535,71.97837150127226,Relatively Low,,Not Applicable,77.75302355187779,Relatively Moderate,40.926157697121404,Very Low,December 2025
39085,77.35368956743002,Relatively Low,41880623.15558548,86.10050890585241,Relatively Moderate,38.6,Very Low,95.03500954805855,Relatively High,49.47851481017939,Very Low,December 2025
39087,70.99236641221374,Relatively Low,27417532.201114208,83.7468193384224,Relatively Moderate,,Not Applicable,56.906429026098024,Relatively Low,48.393825615352526,Very Low,December 2025
39089,78.91221374045801,Relatively Low,47693334.0166971,85.97328244274809,Relatively Moderate,,Not Applicable,87.68300445576067,Relatively High,35.16896120150187,Very Low,December 2025
39091,53.21246819338422,Relatively Low,18835932.526806436,67.68447837150127,Relatively Low,,Not Applicable,69.50986632718013,Relatively Moderate,36.58740091781393,Very Low,December 2025
39093,86.25954198473282,Relatively Moderate,65874677.23708385,90.235368956743,Relatively Moderate,31.8,Very Low,90.45194143857415,Relatively High,50.60492282019191,Very Low,December 2025
39095,92.39821882951654,Relatively Moderate,111324743.05434266,95.41984732824427,Relatively High,42.8,Very Low,86.56906429026098,Relatively High,56.86274509803921,Very Low,December 2025
39097,24.904580152671755,Very Low,11060022.703376045,41.475826972010175,Relatively Low,,Not Applicable,45.16231699554424,Relatively Low,21.65206508135169,Very Low,December 2025
39099,83.61959287531806,Relatively Moderate,42532725.39438234,88.10432569974554,Relatively Moderate,,Not Applicable,85.83704646721834,Relatively High,68.54401335002086,Relatively Low,December 2025
39101,61.100508905852415,Relatively Low,19699717.685642157,64.8854961832061,Relatively Low,,Not Applicable,76.44812221514958,Relatively Moderate,44.80600750938674,Very Low,December 2025
39103,68.95674300254453,Relatively Low,34979348.30713967,75.50890585241731,Relatively Moderate,,Not Applicable,87.52387014640355,Relatively High,39.2991239048811,Very Low,December 2025
39105,52.958015267175576,Relatively Low,11600797.072986523,72.74173027989822,Relatively Low,,Not Applicable,18.84150222788033,Very Low,55.6528994576554,Very Low,December 2025
39107,31.647582697201017,Very Low,17999784.50553675,42.08015267175573,Relatively Low,,Not Applicable,28.262253341820497,Relatively Low,38.92365456821027,Very Low,December 2025
39109,61.38676844783715,Relatively Low,28973380.675273404,70.13358778625954,Relatively Low,,Not Applicable,65.59516231699554,Relatively Moderate,33.54192740926158,Very Low,December 2025
39111,27.25826972010178,Very Low,6490755.6954678465,50.92239185750637,Relatively Low,,Not Applicable,4.933163590070019,Very Low,54.81852315394244,Very Low,December 2025
39113,92.6526717557252,Relatively Moderate,119158416.64055705,95.51526717557252,Relatively High,,Not Applicable,92.61616804583068,Relatively High,49.18648310387985,Very Low,December 2025
39115,18.22519083969466,Very Low,6572339.980589705,45.32442748091603,Relatively Low,,Not Applicable,10.439210693825588,Very Low,36.42052565707134,Very Low,December 2025
39117,24.395674300254452,Very Low,8804717.787131911,44.974554707379134,Relatively Low,,Not Applicable,55.856142584341185,Relatively Low,19.816437213183146,Very Low,December 2025
39119,70.92875318066157,Relatively Low,29400245.794941,83.81043256997455,Relatively Moderate,,Not Applicable,66.6454487587524,Relatively Moderate,43.09553608677514,Very Low,December 2025
39121,13.454198473282442,Very Low,4647938.388092838,35.782442748091604,Relatively Low,,Not Applicable,14.799490770210058,Very Low,48.977889027951605,Very Low,December 2025
39123,59.16030534351145,Relatively Low,22094652.835720167,72.6145038167939,Relatively Low,49.0,Relatively Low,76.38446849140675,Relatively Moderate,43.97163120567376,Very Low,December 2025
39125,21.151399491094146,Very Low,8280327.467781129,39.153944020356235,Relatively Low,,Not Applicable,24.156588160407384,Very Low,32.29036295369212,Very Low,December 2025
39127,25.986005089058523,Very Low,8056836.300161304,47.041984732824424,Relatively Low,,Not Applicable,36.187141947803944,Relatively Low,19.107217355027117,Very Low,December 2025
39129,50.92239185750637,Relatively Low,18441218.574017417,65.96692111959288,Relatively Low,,Not Applicable,62.44430299172502,Relatively Moderate,26.65832290362954,Very Low,December 2025
39131,43.12977099236641,Relatively Low,10579228.63144806,63.8676844783715,Relatively Low,,Not Applicable,40.483768300445576,Relatively Low,42.428035043804755,Very Low,December 2025
39133,65.07633587786259,Relatively Low,28857213.43568921,75.25445292620864,Relatively Moderate,,Not Applicable,79.4080203691916,Relatively Moderate,55.48602419691281,Very Low,December 2025
39135,43.288804071246815,Relatively Low,14596028.414200503,51.399491094147585,Relatively Low,,Not Applicable,37.01464035646085,Relatively Low,28.28535669586984,Very Low,December 2025
39137,32.85623409669211,Very Low,13940116.228061024,52.767175572519086,Relatively Low,,Not Applicable,43.88924252068746,Relatively Low,40.175219023779725,Very Low,December 2025
39139,61.32315521628499,Relatively Low,22279295.015505586,71.56488549618321,Relatively Low,,Not Applicable,87.71483131763208,Relatively High,44.680851063829785,Very Low,December 2025
39141,62.88167938931297,Relatively Low,21481026.827292982,74.45928753180662,Relatively Moderate,,Not Applicable,59.54805856142584,Relatively Low,35.54443053817272,Very Low,December 2025
39143,56.74300254452926,Relatively Low,19957563.153754883,67.6526717557252,Relatively Low,32.0,Very Low,78.51686823679185,Relatively Moderate,44.88944513975803,Very Low,December 2025
39145,70.22900763358778,Relatively Low,26631153.27850126,81.96564885496184,Relatively Moderate,,Not Applicable,71.99236155315086,Relatively Moderate,43.22069253233208,Very Low,December 2025
39147,46.85114503816794,Relatively Low,16189799.221599288,61.164122137404576,Relatively Low,,Not Applicable,71.92870782940803,Relatively Moderate,44.05506883604506,Very Low,December 2025
39149,56.202290076335885,Relatively Low,17527999.35093267,63.32697201017812,Relatively Low,,Not Applicable,67.05919796308083,Relatively Moderate,40.634125990821865,Very Low,December 2025
39151,87.94529262086515,Relatively Moderate,76616718.04281512,91.66666666666666,Relatively Moderate,,Not Applicable,88.8924252068746,Relatively High,58.19774718397998,Very Low,December 2025
39153,91.15776081424937,Relatively Moderate,102196791.44648023,94.0203562340967,Relatively High,,Not Applicable,95.54423933800126,Relatively High,61.24322069253233,Relatively Low,December 2025
39155,84.47837150127226,Relatively Moderate,43893339.303506285,88.77226463104326,Relatively Moderate,,Not Applicable,87.14194780394652,Relatively High,69.37838965373383,Relatively Low,December 2025
39157,69.0203562340967,Relatively Low,21478103.051199954,82.25190839694656,Relatively Moderate,,Not Applicable,71.1012094207511,Relatively Moderate,47.934918648310386,Very Low,December 2025
39159,32.729007633587784,Very Low,18984068.42560701,52.67175572519084,Relatively Low,,Not Applicable,58.30681094844048,Relatively Low,23.028785982478098,Very Low,December 2025
39161,20.10178117048346,Very Low,8512295.478368,33.68320610687023,Very Low,,Not Applicable,29.630808402291535,Relatively Low,29.828952857738837,Very Low,December 2025
39163,11.80025445292621,Very Low,3848955.867795678,34.605597964376585,Very Low,,Not Applicable,15.97708465945258,Very Low,33.41677096370463,Very Low,December 2025
39165,77.79898218829516,Relatively Low,61838969.09820257,83.87404580152672,Relatively Moderate,,Not Applicable,78.9306174411203,Relatively Moderate,21.27659574468085,Very Low,December 2025
39167,64.40839694656488,Relatively Low,22268728.64037009,80.53435114503816,Relatively Moderate,,Not Applicable,23.456397199236157,Very Low,57.363370880267,Very Low,December 2025
39169,64.85368956743002,Relatively Low,22240626.143942233,71.9147582697201,Relatively Low,,Not Applicable,86.02800763844685,Relatively High,52.14851898206091,Very Low,December 2025
39171,44.40203562340967,Relatively Low,12483692.26687802,51.844783715012724,Relatively Low,,Not Applicable,38.0649267982177,Relatively Low,31.914893617021278,Very Low,December 2025
39173,65.68066157760815,Relatively Low,43323813.215887845,75.69974554707379,Relatively Moderate,13.0,Very Low,72.88351368555061,Relatively Moderate,43.88819357530246,Very Low,December 2025
39175,17.39821882951654,Very Low,8499984.53569085,30.53435114503817,Very Low,,Not Applicable,45.35327816677275,Relatively Low,41.71881518564873,Very Low,December 2025
42001,67.52544529262087,Relatively Low,27230974.466522817,76.20865139949109,Relatively Moderate,,Not Applicable,71.45130490133673,Relatively Moderate,84.06341259908218,Relatively Moderate,December 2025
42003,98.09160305343512,Relatively High,354245204.2676655,99.20483460559797,Very High,,Not Applicable,93.31635900700192,Relatively High,75.88652482269504,Relatively Low,December 2025
42005,69.3384223918575,Relatively Low,27753998.00335422,85.05089058524173,Relatively Moderate,,Not Applicable,4.83768300445576,Very Low,52.23195661243221,Very Low,December 2025
42007,75.31806615776081,Relatively Low,35451569.66216663,87.02290076335878,Relatively Moderate,,Not Applicable,35.48695098663272,Relatively Low,54.109303295786404,Very Low,December 2025
42009,68.22519083969466,Relatively Low,24218329.746291492,83.96946564885496,Relatively Moderate,,Not Applicable,37.9057924888606,Relatively Low,77.80559032123487,Relatively Low,December 2025
42011,92.71628498727735,Relatively Moderate,119508893.03789452,94.81552162849873,Relatively High,,Not Applicable,99.36346276257161,Very High,92.53233208176887,Relatively Moderate,December 2025
42013,77.67175572519083,Relatively Low,33904219.282716595,87.46819338422391,Relatively Moderate,,Not Applicable,92.58434118395927,Relatively High,78.80684188569045,Relatively Low,December 2025
42015,73.1234096692112,Relatively Low,32209666.717364047,86.1323155216285,Relatively Moderate,,Not Applicable,9.8026734563972,Very Low,69.42010846891948,Relatively Low,December 2025
42017,94.78371501272265,Relatively High,202625246.33711678,97.10559796437659,Relatively High,65.0,Relatively Moderate,99.10884786760026,Very High,88.40216937838964,Relatively Moderate,December 2025
42019,79.26208651399492,Relatively Low,47708453.53941868,89.02671755725191,Relatively Moderate,,Not Applicable,67.25015913430936,Relatively Moderate,57.029620358781806,Very Low,December 2025
42021,76.43129770992367,Relatively Low,31616346.17055914,85.71882951653944,Relatively Moderate,,Not Applicable,74.63399108847868,Relatively Moderate,76.22027534418022,Relatively Low,December 2025
42023,12.627226463104327,Very Low,4189711.8328325865,40.68066157760814,Relatively Low,,Not Applicable,24.95225970719287,Relatively Low,55.06883604505632,Very Low,December 2025
42025,59.4147582697201,Relatively Low,21579996.931161728,67.52544529262087,Relatively Low,,Not Applicable,78.70782940802037,Relatively Moderate,73.13308302044223,Relatively Low,December 2025
42027,67.970737913486,Relatively Low,24891449.519153938,81.23409669211196,Relatively Moderate,,Not Applicable,94.43029917250159,Relatively High,77.47183979974969,Relatively Low,December 2025
42029,91.85750636132316,Relatively Moderate,172609966.8002456,94.3384223918575,Relatively High,0.0,No Rating,98.44048376830045,Very High,88.73591989987484,Relatively Moderate,December 2025
42031,30.025445292620866,Very Low,8682274.122639768,52.19465648854962,Relatively Low,,Not Applicable,31.60407383831954,Relatively Low,63.41259908218606,Relatively Low,December 2025
42033,67.1119592875318,Relatively Low,22313784.16713116,80.59796437659033,Relatively Moderate,,Not Applicable,90.00636537237429,Relatively High,71.04714226115978,Relatively Low,December 2025
42035,51.781170483460556,Relatively Low,13800086.048174158,71.34223918575063,Relatively Low,,Not Applicable,73.07447485677912,Relatively Moderate,66.79182311222361,Relatively Low,December 2025
42037,62.054707379134854,Relatively Low,24358016.40700966,78.62595419847328,Relatively Moderate,,Not Applicable,83.1635900700191,Relatively Moderate,70.3796412181894,Relatively Low,December 2025
42039,76.0178117048346,Relatively Low,26761270.420343086,87.18193384223919,Relatively Moderate,,Not Applicable,88.86059834500318,Relatively High,67.08385481852316,Relatively Low,December 2025
42041,86.19592875318067,Relatively Moderate,68706976.68063468,91.12595419847328,Relatively Moderate,,Not Applicable,94.14385741565881,Relatively High,87.44263662911973,Relatively Moderate,December 2025
42043,91.06234096692111,Relatively Moderate,99794081.62013568,94.78371501272265,Relatively High,,Not Applicable,98.24952259707193,Very High,89.19482686691697,Relatively Moderate,December 2025
42045,92.90712468193384,Relatively Moderate,134945967.9139838,94.43384223918575,Relatively High,63.6,Relatively Moderate,99.23615531508592,Very High,88.11013767209012,Relatively Moderate,December 2025
42047,45.19720101781171,Relatively Low,15490932.335077317,67.970737913486,Relatively Low,,Not Applicable,67.47294716740929,Relatively Moderate,63.7046307884856,Relatively Low,December 2025
42049,84.0966921119593,Relatively Moderate,47569909.80480049,90.71246819338423,Relatively Moderate,36.4,Very Low,95.00318268618713,Relatively High,71.08886107634544,Relatively Low,December 2025
42051,82.22010178117048,Relatively Moderate,37097747.30418721,90.5852417302799,Relatively Moderate,,Not Applicable,58.24315722469765,Relatively Low,60.116812682519814,Relatively Low,December 2025
42053,19.91094147582697,Very Low,4980104.684846734,43.51145038167939,Relatively Low,,Not Applicable,12.826225334182052,Very Low,52.065081351689614,Very Low,December 2025
42055,76.39949109414759,Relatively Low,37690085.913859405,84.31933842239185,Relatively Moderate,,Not Applicable,81.47676639083386,Relatively Moderate,85.56528994576554,Relatively Moderate,December 2025
42057,7.760814249363868,Very Low,4080430.844108955,21.469465648854964,Very Low,,Not Applicable,21.737746658179503,Very Low,71.21401752190238,Relatively Low,December 2025
42059,55.1208651399491,Relatively Low,17028554.115343966,74.26844783715013,Relatively Moderate,,Not Applicable,14.322087842138764,Very Low,63.32916145181476,Relatively Low,December 2025
42061,50.25445292620865,Relatively Low,15536497.144250914,68.76590330788804,Relatively Low,,Not Applicable,76.06619987269255,Relatively Moderate,71.17229870671673,Relatively Low,December 2025
42063,63.70865139949109,Relatively Low,18747478.808485225,77.83078880407125,Relatively Moderate,,Not Applicable,9.19796308084023,Very Low,70.79682937004588,Relatively Low,December 2025
42065,57.88804071246819,Relatively Low,14012316.278487807,74.52290076335878,Relatively Moderate,,Not Applicable,80.2355187778485,Relatively Moderate,69.75385899040467,Relatively Low,December 2025
42067,38.80407124681934,Very Low,8807785.11364101,60.2735368956743,Relatively Low,,Not Applicable,65.8497772119669,Relatively Moderate,76.72090112640801,Relatively Low,December 2025
42069,89.91730279898219,Relatively Moderate,72398590.6002317,94.08396946564885,Relatively High,,Not Applicable,92.36155315085932,Relatively High,82.0191906549854,Relatively Moderate,December 2025
42071,95.0381679389313,Relatively High,169988837.42434183,96.94656488549617,Relatively High,,Not Applicable,99.49077021005729,Very High,95.49436795994993,Relatively High,December 2025
42073,66.12595419847328,Relatively Low,24584787.13936229,83.07888040712467,Relatively Moderate,,Not Applicable,50.12730744748568,Relatively Low,47.309136420525654,Very Low,December 2025
42075,79.89821882951654,Relatively Low,43208792.24710583,84.86005089058524,Relatively Moderate,,Not Applicable,92.04328453214514,Relatively High,86.816854401335,Relatively Moderate,December 2025
42077,93.89312977099237,Relatively Moderate,128346728.2654624,95.35623409669212,Relatively High,,Not Applicable,98.79057924888606,Very High,90.19607843137256,Relatively Moderate,December 2025
42079,91.63486005089058,Relatively Moderate,87972040.48810449,95.32442748091603,Relatively High,,Not Applicable,97.2310630171865,Very High,83.10387984981227,Relatively Moderate,December 2025
42081,79.58015267175573,Relatively Low,40912897.55904424,88.99491094147582,Relatively Moderate,,Not Applicable,88.95607893061744,Relatively High,75.05214851898207,Relatively Low,December 2025
42083,53.78498727735369,Relatively Low,15045539.850944925,73.18702290076335,Relatively Moderate,,Not Applicable,81.92234245703374,Relatively Moderate,61.74384647476012,Relatively Low,December 2025
42085,77.735368956743,Relatively Low,34133901.938314565,87.88167938931298,Relatively Moderate,,Not Applicable,77.88033099936347,Relatively Moderate,64.78931998331248,Relatively Low,December 2025
42087,69.27480916030534,Relatively Low,18423202.031917185,83.58778625954199,Relatively Moderate,,Not Applicable,80.74474856779122,Relatively Moderate,77.34668335419273,Relatively Low,December 2025
42089,85.08269720101781,Relatively Moderate,56876409.060786635,88.07251908396947,Relatively Moderate,,Not Applicable,93.18905155951623,Relatively High,82.43637880684189,Relatively Moderate,December 2025
42091,96.81933842239185,Relatively High,296651817.7759489,98.15521628498728,Relatively High,0.0,No Rating,99.8408656906429,Very High,89.86232790988737,Relatively Moderate,December 2025
42093,14.662849872773537,Very Low,5454760.16288653,38.32697201017812,Relatively Low,,Not Applicable,54.26479949077021,Relatively Low,61.201501877346686,Relatively Low,December 2025
42095,90.01272264631042,Relatively Moderate,90368193.73000851,93.60687022900763,Relatively High,,Not Applicable,96.46721833227244,Relatively High,87.0671672924489,Relatively Moderate,December 2025
42097,79.16666666666666,Relatively Low,37320859.359505534,88.29516539440203,Relatively Moderate,,Not Applicable,91.21578612348823,Relatively High,79.80809345014602,Relatively Low,December 2025
42099,53.11704834605598,Relatively Low,18200766.38900426,69.529262086514,Relatively Low,,Not Applicable,77.02100572883514,Relatively Moderate,76.13683771380893,Relatively Low,December 2025
42101,99.58651399491094,Very High,667071998.2603643,99.58651399491094,Very High,85.39999999999999,Relatively High,99.77721196690005,Very High,94.28452231956612,Relatively High,December 2025
42103,65.87150127226464,Relatively Low,24459592.702009805,78.7849872773537,Relatively Moderate,,Not Applicable,63.717377466581794,Relatively Moderate,76.67918231122236,Relatively Low,December 2025
42105,28.148854961832058,Very Low,7694445.490622061,55.24809160305344,Relatively Low,,Not Applicable,52.32336091661362,Relatively Low,58.156028368794324,Very Low,December 2025
42107,85.30534351145039,Relatively Moderate,48854903.567072965,90.77608142493638,Relatively Moderate,,Not Applicable,96.14894971355824,Relatively High,82.60325406758447,Relatively Moderate,December 2025
42109,54.293893129770986,Relatively Low,14951973.579081088,71.2468193384224,Relatively Low,,Not Applicable,79.94907702100573,Relatively Moderate,77.26324572382144,Relatively Low,December 2025
42111,64.2175572519084,Relatively Low,21919722.32371376,79.99363867684478,Relatively Moderate,,Not Applicable,75.17504774029281,Relatively Moderate,73.17480183562786,Relatively Low,December 2025
42113,10.71882951653944,Very Low,4070204.87950434,37.37277353689568,Relatively Low,,Not Applicable,30.840229153405474,Relatively Low,58.94868585732165,Relatively Low,December 2025
42115,53.594147582697204,Relatively Low,17934108.442198243,70.99236641221374,Relatively Low,,Not Applicable,40.802036919159775,Relatively Low,75.3441802252816,Relatively Low,December 2025
42117,59.764631043257,Relatively Low,18560082.800987855,78.9440203562341,Relatively Moderate,,Not Applicable,75.493316359007,Relatively Moderate,71.8397997496871,Relatively Low,December 2025
42119,55.24809160305344,Relatively Low,14419669.676731411,71.81933842239185,Relatively Low,,Not Applicable,79.91725015913431,Relatively Moderate,74.34292866082603,Relatively Low,December 2025
42121,55.597964376590326,Relatively Low,15776747.70948463,74.14122137404581,Relatively Moderate,,Not Applicable,46.212603437301084,Relatively Low,55.235711305798915,Very Low,December 2025
42123,65.55343511450383,Relatively Low,23103317.524174146,82.82442748091603,Relatively Moderate,,Not Applicable,41.183959261616806,Relatively Low,57.15477680433876,Very Low,December 2025
42125,83.07888040712467,Relatively Moderate,57378735.59167664,91.41221374045801,Relatively Moderate,,Not Applicable,19.41438574156588,Very Low,59.86649979140593,Relatively Low,December 2025
42127,56.329516539440206,Relatively Low,17204352.234983727,71.31043256997455,Relatively Low,,Not Applicable,55.34691279439847,Relatively Low,75.96996245306633,Relatively Low,December 2025
42129,87.8498727735369,Relatively Moderate,76279515.31434102,93.76590330788804,Relatively High,,Not Applicable,70.40101845957989,Relatively Moderate,69.002920317063,Relatively Low,December 2025
42131,44.783715012722645,Relatively Low,13528228.117833301,69.24300254452926,Relatively Low,,Not Applicable,40.57924888605983,Relatively Low,60.70087609511889,Relatively Low,December 2025
42133,90.42620865139949,Relatively Moderate,105987951.58072586,93.32061068702289,Relatively High,,Not Applicable,97.64481222151495,Very High,92.36545682102629,Relatively Moderate,December 2025
